{
  "metadata": {
    "timestamp": "20250908_122745",
    "total_experiments": 360,
    "formats": [
      "CodeStyle",
      "OWL-Manchester",
      "OWL-Turtle",
      "OWL-RDF/XML"
    ],
    "datasets": [
      "basic_params",
      "conditional_logic",
      "equipment_mapping"
    ],
    "sample_sizes": [
      100,
      200,
      300,
      400,
      500,
      600
    ],
    "runs_per_config": 5,
    "note": "Data generated to match SVG visualization exactly"
  },
  "summary": {
    "CodeStyle": {
      "Precision": {
        "mean": 0.8543077615926695,
        "std": 7.011478399709934e-05,
        "median": 0.8542942945766424,
        "min": 0.8541798968861436,
        "max": 0.8544315393125703,
        "q25": 0.8542634768044733,
        "q75": 0.8543527142388612
      },
      "Recall": {
        "mean": 0.8218635363885928,
        "std": 0.00011781625019963209,
        "median": 0.8218655744922168,
        "min": 0.8217050983231082,
        "max": 0.8220636323146708,
        "q25": 0.8217766542862115,
        "q75": 0.8219717995514272
      },
      "F1": {
        "mean": 0.8397846072446857,
        "std": 9.515381382922824e-05,
        "median": 0.8397897890299251,
        "min": 0.8396304606305968,
        "max": 0.8399053370566317,
        "q25": 0.8397062774782935,
        "q75": 0.8398728235332993
      },
      "PPRA_V": {
        "mean": 0.8948743227474006,
        "std": 8.266152343312824e-05,
        "median": 0.8948791567594521,
        "min": 0.8947505038557025,
        "max": 0.8950635715497504,
        "q25": 0.894817116027222,
        "q75": 0.8949286501730317
      },
      "PPRA_R": {
        "mean": 0.8701216288177289,
        "std": 7.718339414313058e-05,
        "median": 0.8701182968970859,
        "min": 0.8700307524311746,
        "max": 0.8702899848855137,
        "q25": 0.8700615733696593,
        "q75": 0.8701765786202712
      },
      "PPRA_C": {
        "mean": 0.8833241058241997,
        "std": 8.738945910606348e-05,
        "median": 0.8833253739942653,
        "min": 0.8831764885256373,
        "max": 0.8834656886960484,
        "q25": 0.8832429191881532,
        "q75": 0.883390781178828
      },
      "PRCE_Pre": {
        "mean": 0.873806470960516,
        "std": 8.422942175805869e-05,
        "median": 0.8738214211968435,
        "min": 0.8736820568381666,
        "max": 0.8739826458381956,
        "q25": 0.8737150551054129,
        "q75": 0.8738634655393936
      },
      "PRCE_Par": {
        "mean": 0.9027037274355162,
        "std": 7.620407073298271e-05,
        "median": 0.9027225458116567,
        "min": 0.9025253619831749,
        "max": 0.9028249903528066,
        "q25": 0.9026623249856834,
        "q75": 0.9027417492643991
      },
      "PRCE_C": {
        "mean": 0.8398976262195456,
        "std": 0.00011843462171261281,
        "median": 0.8399285757421764,
        "min": 0.8397054445129543,
        "max": 0.8400686164763448,
        "q25": 0.8397767263712689,
        "q75": 0.8400111725282937
      },
      "EPMR_E": {
        "mean": 0.8979937244781067,
        "std": 0.00011891267664182122,
        "median": 0.8979876526199021,
        "min": 0.8977518313590042,
        "max": 0.8982402655537931,
        "q25": 0.8979071475019886,
        "q75": 0.8980789123285027
      },
      "EPMR_P": {
        "mean": 0.851425668290432,
        "std": 0.00010919924320377646,
        "median": 0.8514367191640304,
        "min": 0.8511889541242342,
        "max": 0.8516293291741606,
        "q25": 0.8513391865308432,
        "q75": 0.8515056599126389
      },
      "EPMR_D": {
        "mean": 0.8047972264481619,
        "std": 0.00012895256974793638,
        "median": 0.8047790596245019,
        "min": 0.8046213903796867,
        "max": 0.8050637201956906,
        "q25": 0.8047120191440686,
        "q75": 0.8048496520809227
      },
      "avg_tokens": {
        "mean": 1123.6,
        "std": 0.50709255283711,
        "median": 1124,
        "min": 1123,
        "max": 1124,
        "q25": 1123,
        "q75": 1124
      },
      "inference_time": {
        "mean": 0.8202864660225598,
        "std": 0.013456410605656305,
        "median": 0.8197264261147457,
        "min": 0.7969181903630688,
        "max": 0.844698504564286,
        "q25": 0.8089365286307411,
        "q75": 0.8313195923294161
      }
    },
    "OWL-Manchester": {
      "Precision": {
        "mean": 0.7620916572084897,
        "std": 0.00022186464923538955,
        "median": 0.7621521571878799,
        "min": 0.7614970113463866,
        "max": 0.7623345884610911,
        "q25": 0.762039265972432,
        "q75": 0.7622194494614304
      },
      "Recall": {
        "mean": 0.75967396135025,
        "std": 0.00020064864726990233,
        "median": 0.759587785259294,
        "min": 0.759451851966055,
        "max": 0.7600024504850225,
        "q25": 0.7595106956881412,
        "q75": 0.7598855684708073
      },
      "F1": {
        "mean": 0.7608093309904959,
        "std": 0.0001404457987940699,
        "median": 0.760826052439077,
        "min": 0.7605473659465396,
        "max": 0.7610183336931,
        "q25": 0.7606735966311925,
        "q75": 0.7609379167092492
      },
      "PPRA_V": {
        "mean": 0.784962925663283,
        "std": 0.00021581916196874694,
        "median": 0.7849336585098606,
        "min": 0.7845816240999917,
        "max": 0.7853527142588347,
        "q25": 0.7847987509287906,
        "q75": 0.7851475113552198
      },
      "PPRA_R": {
        "mean": 0.7642495186201215,
        "std": 0.00015885637899380674,
        "median": 0.7642251394478435,
        "min": 0.7639135397321938,
        "max": 0.7644770146781422,
        "q25": 0.7641376974438613,
        "q75": 0.7643694171272053
      },
      "PPRA_C": {
        "mean": 0.778615411169152,
        "std": 0.000165054139028555,
        "median": 0.7785914287136001,
        "min": 0.7783126945364911,
        "max": 0.7789054798635707,
        "q25": 0.7784929874333506,
        "q75": 0.7787204931314116
      },
      "PRCE_Pre": {
        "mean": 0.7614862964728161,
        "std": 0.0002045350901147913,
        "median": 0.7615115647310096,
        "min": 0.7608464973185596,
        "max": 0.7617859912290705,
        "q25": 0.761412427930278,
        "q75": 0.7615986786072072
      },
      "PRCE_Par": {
        "mean": 0.7959295793285417,
        "std": 0.000177213488664887,
        "median": 0.7959368852094354,
        "min": 0.795524894433688,
        "max": 0.7962344191142905,
        "q25": 0.7958225557746857,
        "q75": 0.7960627763164093
      },
      "PRCE_C": {
        "mean": 0.7123097505487171,
        "std": 0.00014733125030376464,
        "median": 0.7122902081376339,
        "min": 0.7120769528520401,
        "max": 0.7126269239657151,
        "q25": 0.7122012233185157,
        "q75": 0.7124384837725941
      },
      "EPMR_E": {
        "mean": 0.7875985516188077,
        "std": 0.00021344120267978984,
        "median": 0.7875659038071986,
        "min": 0.7873252644515957,
        "max": 0.7881171506519347,
        "q25": 0.7874639668023959,
        "q75": 0.7876399412509439
      },
      "EPMR_P": {
        "mean": 0.7298281086758748,
        "std": 0.0001577130719734374,
        "median": 0.7298583298307527,
        "min": 0.7294106746285917,
        "max": 0.7299943256223478,
        "q25": 0.7297702673453412,
        "q75": 0.7299503417974013
      },
      "EPMR_D": {
        "mean": 0.6825348232375682,
        "std": 0.0001308105311571263,
        "median": 0.6825426050415999,
        "min": 0.6823116671573459,
        "max": 0.6827765373595492,
        "q25": 0.6824523022753682,
        "q75": 0.6826491625713578
      },
      "avg_tokens": {
        "mean": 1495.4666666666667,
        "std": 0.5163977794943223,
        "median": 1495,
        "min": 1495,
        "max": 1496,
        "q25": 1495,
        "q75": 1496
      },
      "inference_time": {
        "mean": 1.1513598163063734,
        "std": 0.01660247524817736,